train_acc,train_loss,val_acc,val_loss
0.03033684210526316,4.432156,0.0572,4.1455746
0.0685263157894737,4.0643215,0.08120000000000001,3.9229085
0.08825263157894737,3.904727,0.10280000000000002,3.810086
0.11147368421052632,3.7550998,0.14679999999999999,3.599881
0.13235789473684212,3.617637,0.12680000000000002,3.577934
0.15105263157894736,3.4931862,0.16520000000000004,3.449508
