train_acc,train_loss,val_acc,val_loss
0.029915789473684208,4.4253383,0.056400000000000006,4.120411
0.06867368421052633,4.0496135,0.08200000000000002,3.9239063
0.0896,3.9100463,0.09280000000000001,3.8298223
0.11250526315789475,3.7755237,0.1384,3.6194742
0.13286315789473688,3.6490993,0.14,3.5437675
