train_acc,train_loss,val_acc,val_loss
0.029263157894736845,4.4335103,0.054400000000000004,4.1309986
0.06951578947368421,4.0560713,0.0824,3.9217973
