train_acc,train_loss,val_acc,val_loss
0.018021052631578948,4.5542145,0.033600000000000005,4.4627113
0.03477894736842106,4.335866,0.04479999999999999,4.2538633
0.04966315789473685,4.144456,0.044000000000000004,4.6103315
0.06098947368421053,4.045223,0.08399999999999999,3.9386487
0.07282105263157895,3.9698987,0.07800000000000001,3.954885
0.08488421052631578,3.9087214,0.0916,3.8591866
