train_acc,train_loss,val_acc,val_loss
0.01823157894736842,4.5119386,0.0264,4.366546
